{
  "Version": "5.8.0",
  "Title": "星录后台管理",
  "FixedHeader": true,
  "HiddenSideBar": false,
  "MultiTagsCache": false,
  "KeepAlive": true,
  "Locale": "zh",
  "Layout": "vertical",
  "Theme": "light",
  "DarkMode": false,
  "OverallStyle": "light",
  "Grey": false,
  "Weak": false,
  "HideTabs": false,
  "HideFooter": false,
  "Stretch": false,
  "SidebarStatus": true,
  "EpThemeColor": "#409EFF",
  "ShowLogo": true,
  "ShowModel": "smart",
  "MenuArrowIconNoTransition": false,
  "CachingAsyncRoutes": false,
  "TooltipEffect": "light",
  "ResponsiveStorageNameSpace": "responsive-",
  "MenuSearchHistory": 6
}
